u_userkey,u_name,u_username,u_password,u_librariankey
1,Myrtia Muldownie,mmuldownie0,9G1bwuzNECO,3
2,Crystal Poupard,cpoupard1,8sa3JwOSQo,1
3,Kizzie Watford,kwatford2,v0uCjHlW45D,8
4,Theo Martinho,tmartinho3,qXUZZN3tgy,4
5,Isac Hurler,ihurler4,9Nr8u7fc,7
6,Estrellita Peris,eperis5,YJzWT83kN,9
7,Giuseppe Arkow,garkow6,chsvnqz,10
8,Fredelia MacMeeking,fmacmeeking7,9E9IpEfU7Z,10
9,Vic Shadrach,vshadrach8,7cexFvroQv,6
10,Justino Linner,jlinner9,3DPvILhEVfi,8
11,Kanya Freezer,kfreezera,GQGW9tYAK,2
12,Codie Erington,ceringtonb,2n9tuvNj6dwL,10
13,Saundra Ellice,sellicec,BmY0G6EXn,10
14,Penn Arlidge,parlidged,cBgl5fwA,9
15,Vicky Seadon,vseadone,iNnjmInQZq,4
16,Evelin Albone,ealbonef,C8oWXESn,2
17,Nikolaus Kasher,nkasherg,ipaI7sc3HsTy,7
18,Celestina Brazur,cbrazurh,PO3ku5iXYT,8
19,Flor Josskovitz,fjosskovitzi,oo1Jft,7
20,Sergeant Tabner,stabnerj,j8QXiG,9
21,Katerina Handsheart,khandsheartk,dgoiUzL,2
22,Cy Skowcraft,cskowcraftl,TZQmfBr,8
23,Alyosha Firmage,afirmagem,qUPewoVDV,2
24,Nikoletta Shipperbottom,nshipperbottomn,3qqGlsQ,9
25,Brita Sillett,bsilletto,kfeZUINQLo,2
26,Danika Franciskiewicz,dfranciskiewiczp,CZ498eGEpz,4
27,Abrahan Bernhardsson,abernhardssonq,QrPLTajzhcHc,5
28,Vail Virgo,vvirgor,AMY3QUr,1
29,Filippo Coalbran,fcoalbrans,9wcxR2lNuu7,3
30,Cammy Brickham,cbrickhamt,xDtsLSv88,10
31,Jessie Cummungs,jcummungsu,4oaf5Mr6gUbj,2
32,Ermina Wichard,ewichardv,tiooHax9,7
33,Aili Derell,aderellw,mPI0Rbpg7C,8
34,Ekaterina Twizell,etwizellx,vy0yieeIlk2,3
35,Noel Bestwall,nbestwally,5POYAKY8NGR,4
36,Nil Argue,narguez,dEKNgOF,3
37,Matthew Barczewski,mbarczewski10,rXf6y1,1
38,Valentina Belderfield,vbelderfield11,4g78sivh6EV,3
39,Torry Louth,tlouth12,atU9Rzmv,3
40,Elia Crocroft,ecrocroft13,USEEWqeSynU,2
41,Page Sired,psired14,okD2NE,5
42,Carena Briztman,cbriztman15,bkPEFnVa,5
43,Reggie Bassford,rbassford16,jTdREpiwVB,5
44,Gary Tole,gtole17,qEBqggl,4
45,Vivia LeEstut,vleestut18,anLpYC,10
46,Raeann Chanter,rchanter19,UYtM4bO9pSH,4
47,Desmond Patel,dpatel1a,2UnMKg,7
48,Zilvia Siddaley,zsiddaley1b,a7oNjv9,3
49,Kali Klimontovich,kklimontovich1c,1ZaNpGR,8
50,Shelton McDermid,smcdermid1d,pxjEVyEvTxJP,1
51,Kimberly Merriton,kmerriton1e,fH2aKilAd4dt,4
52,Ginevra Climpson,gclimpson1f,BY7kcn,1
53,Karina Klaiser,kklaiser1g,gfGYgx3ZB,10
54,Raine Jarvis,rjarvis1h,hLjg0w9TT,9
55,Neel Stinton,nstinton1i,8MRqueVba,5
56,Luke Dearl,ldearl1j,M2bdPO,10
57,Rowe Szabo,rszabo1k,G7Z4Ydj,2
58,Juliette O' Donohoe,jo1l,zGuM6QPnvF,10
59,Lorry Goodbody,lgoodbody1m,A2YCUtOl,3
60,Leanora Gildersleeve,lgildersleeve1n,lqSYXXVFNonK,3
61,Michel Frostdicke,mfrostdicke1o,nYapMxltyF,5
62,Keslie Doggart,kdoggart1p,wJYnOjIk,2
63,Nicola Pidon,npidon1q,ySkU2sPxY,8
64,Laurent Acey,lacey1r,9GZRf9,9
65,Ashia Laybourn,alaybourn1s,luv0Zy,3
66,Philippa Gaffon,pgaffon1t,qceKIFs3Iv,5
67,Genny Tomaskunas,gtomaskunas1u,D3I8Tvhm,4
68,Arabela Monteaux,amonteaux1v,mjJrSkAEEcLc,1
69,Dame Sames,dsames1w,cb2UbGQgdLY6,7
70,Happy Dumphrey,hdumphrey1x,p3j42j7YNA34,2
71,Valentine Brookwood,vbrookwood1y,THZ2XnKvB,1
72,Camala Wedgbrow,cwedgbrow1z,J1yCkrP,10
73,Herta Bambrough,hbambrough20,iTAk3lE,6
74,Brittany Schoales,bschoales21,qDfS8ltDcNz,7
75,Shawn Wolters,swolters22,tRfmEexL4hG,8
76,Carce Catlin,ccatlin23,SkZMcvd,2
77,Raddie Stubbs,rstubbs24,h5CUKHQ,2
78,Glenine Ferneley,gferneley25,uWmutlZuY,7
79,Averil Tesmond,atesmond26,c1KATzBt,2
80,Katherina Pear,kpear27,ufj21Ne11k,7
81,Ilysa McBride,imcbride28,Kre6Ki,10
82,Zach Rouke,zrouke29,a9YEex7M8C,8
83,Ann De La Hay,ade2a,w3Kn1Csa4m,5
84,Grier Toulmin,gtoulmin2b,2zqSedmot,5
85,Dollie Lawry,dlawry2c,clrIB5R,1
86,Korrie Marzellano,kmarzellano2d,GrO8ysCa,8
87,Genovera Gianiello,ggianiello2e,TGFlznoFgg,9
88,Valery McGuiney,vmcguiney2f,7as7O8OZOHcu,6
89,Colman Fettis,cfettis2g,fUgO5QZ1a0,9
90,Dal Faill,dfaill2h,BGGsCfaTxznB,1
91,Tish Dyment,tdyment2i,aueZte6,5
92,Simone Sands-Allan,ssandsallan2j,tRstXUSZLsOH,7
93,Sebastian Maydway,smaydway2k,dfKsY550gpl,10
94,Natka Gravenall,ngravenall2l,Q0qtoakIV6,7
95,Calida Pyffe,cpyffe2m,5GIi6PareQ,3
96,Standford Matchett,smatchett2n,SRVlg1TO,9
97,Leonore Prior,lprior2o,nHZbrQ3,8
98,Brinna Gallehock,bgallehock2p,EvUtuXycHt,5
99,Jeddy Tows,jtows2q,wKn7f19T,5
100,Neddie Pallesen,npallesen2r,dmpLT6I,10
101,Corney Farlane,cfarlane2s,EgsK3o,7
102,Willy Stobbie,wstobbie2t,jOuqbJ,5
103,Jemmy Blaxill,jblaxill2u,hlxPWG,4
104,Moyra Eat,meat2v,lAohQ5o1Bx,6
105,Willie Boswell,wboswell2w,tAx6sss4U2,9
106,Piggy Glander,pglander2x,Bv03PD67,1
107,Sheffie Josofovitz,sjosofovitz2y,CLZw5WiA9,10
108,Peter Fetherstone,pfetherstone2z,FfaQrKmH7Lqj,4
109,Baxie Squire,bsquire30,A1TutZ,3
110,Garvin Comettoi,gcomettoi31,1jwT0E6nND,10
111,Daren Halfacree,dhalfacree32,DqjmLvYJ,5
112,Dietrich Lloyds,dlloyds33,1cR6jpEepi,6
113,Coretta Foynes,cfoynes34,FdhfQMNQwY,5
114,Janis Cartman,jcartman35,GYc7xJd,7
115,Percy Rye,prye36,rrzO1x,9
116,Eliza Baggot,ebaggot37,gILkDQ32W,3
117,Alfreda Keyhoe,akeyhoe38,x3nGoftB,10
118,Adelbert Dury,adury39,sENwsJotJD87,2
119,Gregorio Patnelli,gpatnelli3a,WxfoweHbaq,9
120,Carmelia Stanesby,cstanesby3b,GsAKHuxpgNx0,8
121,Anne-corinne Thresher,athresher3c,Ss0f6yKPLu,10
122,Myriam Boler,mboler3d,08j7PnkNn7,5
123,Kilian Fairfull,kfairfull3e,b3AoFN4Z0u,3
124,Kiah Kohler,kkohler3f,ks0nod1YCI,2
125,Steward Karlqvist,skarlqvist3g,9XAwknEi1d,8
126,Terrance Forlonge,tforlonge3h,kxLhPYgkr,1
127,Drusie Edgars,dedgars3i,2F6vwvvuDxUh,7
128,Billy Folke,bfolke3j,mKu6qIw9K8AV,4
129,Taylor Burde,tburde3k,GMT6iDNp0yr5,6
130,Gav Lowten,glowten3l,KRKTIo1SxT,1
131,Dacey Duckels,dduckels3m,EPjVDvii,6
132,Harmonie Bril,hbril3n,7nungbmAZe,6
133,Cleavland Owthwaite,cowthwaite3o,eRJpSS,9
134,Feliza Panther,fpanther3p,Z1W1JPR,1
135,Eberto Way,eway3q,FwAHvWtqC,4
136,Kenneth Paoletti,kpaoletti3r,aHSGbBY9,3
137,Cathrine Burk,cburk3s,m2Lt3N,5
138,Aida Habbeshaw,ahabbeshaw3t,2CN4E9e3,10
139,Hamish Gallehawk,hgallehawk3u,TZCGf5jfIa3,8
140,Lamar Kirk,lkirk3v,8kgr4y,10
141,Jackqueline Cuffe,jcuffe3w,ZLJvYjRe4,3
142,Meara Djordjevic,mdjordjevic3x,up7vVMYCJ,2
143,Juana Shrubb,jshrubb3y,jLtJzM7e,6
144,Lindsy Benedikt,lbenedikt3z,B5vBUjy,5
145,Aida Cawt,acawt40,aiQXXmwvRRPY,4
146,Victoria Rijkeseis,vrijkeseis41,vtS5I3Be8shS,5
147,Didi McPhelim,dmcphelim42,AYSUHNw,9
148,Janis Simson,jsimson43,0ooeNb0Hj,8
149,Catherin Pettigree,cpettigree44,YVy1WXVI3DZ,2
150,Klemens Breadon,kbreadon45,Vs7dhj3riU,4
151,Leonardo Boyson,lboyson46,pLHV4d,9
152,Nicky Engelmann,nengelmann47,mQmLNsWS,6
153,Crysta Rydings,crydings48,WUR6dFLQ,8
154,Tova Spleving,tspleving49,R2HoQ7kN1,9
155,Madelene Wardington,mwardington4a,dnXjwPOh9B,4
156,Danna Tomowicz,dtomowicz4b,ObWVI3NeP,2
157,Stanislaw Skerm,sskerm4c,mKnDT3WIRaE,7
158,Erastus Beller,ebeller4d,S5mabHZY,7
159,Pip Advani,padvani4e,hADYOuwo,2
160,Alexandr Edwins,aedwins4f,sQL7aGo,3
161,Porty Wackett,pwackett4g,bGH8Ifh,3
162,Barret Stickel,bstickel4h,8p2p5g,1
163,Delainey Thresher,dthresher4i,XezXo5ex,10
164,Lana McGrorty,lmcgrorty4j,oyZFB5,6
165,Buffy Acutt,bacutt4k,je7vfL9oyDOP,8
166,Joice Robardley,jrobardley4l,lFtrAjFF,2
167,Dougie Phippard,dphippard4m,YELbDn7bkic,10
168,Ginny O'Fallowne,gofallowne4n,k83tP1wie,6
169,Homer Peartree,hpeartree4o,XXJfdbt,2
170,Agace Camilleri,acamilleri4p,XEpJVvWpZR,3
171,Eartha Dimitriades,edimitriades4q,ZFkG6Oz,4
172,Toinette Magnay,tmagnay4r,Q6HTmFDtP,8
173,Roch Avery,ravery4s,ZqqMQBq,1
174,Bunny Cardoo,bcardoo4t,LZ5BVW,8
175,Kikelia Gremane,kgremane4u,RPHspRnZ0SZ,10
176,Mindy Martinez,mmartinez4v,CaF48QqLc,4
177,Rickert Brugsma,rbrugsma4w,7kY4svgg20,5
178,Jarib Ahrendsen,jahrendsen4x,pjJmd3pv8f,4
179,Erin McWhorter,emcwhorter4y,poPZRFi3d,8
180,Joe Piatkowski,jpiatkowski4z,ZIFVf1DXG8B,10
181,Marielle Baldock,mbaldock50,F4lPEepDNkAf,9
182,Stephanie Lamming,slamming51,srBGFG,7
183,Hi Kenyam,hkenyam52,YIt32rj335,9
184,Maye Emson,memson53,oPfxtWyIZKrH,9
185,Trula Dictus,tdictus54,Vw1NVJEzl3k,1
186,Winfred Covert,wcovert55,heNwArzFDW,9
187,Ham Spoors,hspoors56,7Uo1FVhyJ,7
188,Ethelda Martina,emartina57,MfjYKV,9
189,Hughie Flacke,hflacke58,tPrDBYTDrgfS,2
190,Joelie Keiley,jkeiley59,IZXp4Ont,9
191,Thorstein Briskey,tbriskey5a,tyCfVem,6
192,Emmalynne Beaument,ebeaument5b,LdCePNYI77,10
193,Lebbie Dumberrill,ldumberrill5c,WIoODp6,8
194,Land Shwalbe,lshwalbe5d,MnrEvy,4
195,Jaynell Mawhinney,jmawhinney5e,0DHZ7CHaa,8
196,Sonnie Habble,shabble5f,2GwTF9kd,6
197,Baxter Cahn,bcahn5g,uYxLsOmw,9
198,Imogen Petrulis,ipetrulis5h,9rVsCUbqkKVZ,2
199,Carina Challenor,cchallenor5i,H8uzKWjdm2h,8
200,Marian Cantrill,mcantrill5j,SisQfywIL35,3
